headword,pos,topic,confidence,rawTopic
a,determiner,general,1.000,general
abandon,verb,health,0.690,health
abandoned,adjective,general,0.140,feelings
ability,noun,general,0.460,business
abstraction,noun,general,0.210,nature
aim,noun,general,0.460,food
all-encompassing,adjective,general,0.520,general
along,preposition,general,0.540,general
analyst,noun,business,0.590,business
angry,adjective,feelings,1.000,feelings
antiquity,noun,arts,0.960,arts
apt to,verb,general,0.290,business
aspirin,noun,general,0.240,entertainment
assertion,noun,general,0.480,communication
assimilate,verb,general,0.330,science
assistant,adjective,general,0.440,general
automatic,verb,general,0.300,science
balky,adjective,general,0.110,nature
band,noun,entertainment,0.950,entertainment
beauty,noun,general,0.400,general
beneath,preposition,food,0.520,food
big,adjective,general,0.970,general
bogus,adjective,general,0.950,general
boost,noun,general,0.140,business
brand,noun,general,0.290,business
breathe,verb,body,0.900,body
buffoonery,noun,general,0.470,entertainment
bump,verb,general,0.440,feelings
careful,adjective,general,0.640,general
catastrophe,noun,general,0.110,nature
chain,noun,general,0.320,business
chat show,noun,food,0.680,food
cite,verb,communication,0.590,communication
close,adjective,general,0.950,general
cola,noun,food,1.000,food
commercial,noun,business,0.700,business
concentration,noun,general,0.110,general
condone,verb,science,0.730,science
confabulation,noun,general,0.450,science
contraption,noun,general,0.380,general
cooler,noun,general,0.430,home
cooperation,noun,education,0.520,education
couch,noun,home,1.000,home
counterproductive,adjective,general,0.940,general
cucumber,noun,general,0.380,feelings
darkroom,noun,general,0.450,arts
database,noun,general,0.200,feelings
daylight,noun,nature,0.880,nature
deficiently,adverb,general,0.440,general
deny,verb,feelings,0.630,feelings
dining room,noun,home,0.980,home
diploma,noun,general,0.300,family
display,noun,general,0.460,arts
distribute,verb,general,0.320,food
divergent,adjective,general,0.360,general
drill,verb,general,0.380,education
dumb,adjective,general,0.370,business
dutifully,adverb,general,0.170,general
edify,verb,general,0.410,science
egalitarian,noun,society,0.940,society
egg,noun,food,0.970,food
either,conjunction,general,1.000,general
elevation,noun,general,0.460,nature
eminent,adjective,general,0.280,general
emotion,noun,general,0.210,general
emulsification,noun,general,0.360,science
epoxy,noun,general,0.430,general
evacuate,verb,general,0.160,communication
exhibition,noun,arts,0.860,arts
experience,verb,general,0.270,general
exterior,noun,general,0.350,general
extravagance,noun,general,0.420,general
exude,verb,general,0.260,body
famous,adjective,general,0.490,general
father-in-law,noun,general,0.190,business
final,adjective,general,0.960,general
fish,verb,general,0.410,sports
floor,noun,home,0.910,home
flourish,noun,business,0.590,business
fragmentation,noun,general,0.350,general
frigate,noun,general,0.410,communication
frost,verb,general,0.370,general
function,verb,general,0.850,general
future,adjective,general,0.980,general
gift,noun,general,0.390,general
guess,noun,general,0.340,communication
gulp,noun,body,0.510,body
guy,noun,general,0.570,general
gypsy,noun,society,0.650,society
half-price,adverb,general,0.490,general
high,adjective,general,0.830,general
hopeless,adjective,feelings,1.000,feelings
hug,verb,body,0.860,body
hyphen,noun,general,0.320,communication
incision,noun,health,0.840,health
incumbent,noun,society,0.660,society
inducement,noun,general,0.260,general
infallibly,adverb,general,0.280,communication
influence,verb,communication,0.590,communication
information,noun,general,0.500,general
ingenuity,noun,general,0.400,feelings
innermost,adjective,general,0.540,general
insubordinate,adjective,feelings,0.530,feelings
interrogation,noun,general,0.330,communication
invent,verb,general,0.550,general
joint,noun,general,0.490,communication
kid,verb,communication,0.750,communication
kill,verb,general,0.740,general
laudatory,adjective,communication,0.560,communication
leather,noun,shopping,0.720,shopping
line,noun,general,0.670,general
listener,noun,general,0.450,communication
liver,noun,body,0.640,body
magnanimous,adjective,general,0.390,science
major,adjective,general,0.830,general
may,modal auxiliary,general,0.880,general
mere,adjective,general,0.930,general
microscopy,noun,science,1.000,science
milieu,noun,general,0.490,society
model,noun,general,0.330,technology
mother,noun,family,0.960,family
munificence,noun,general,0.220,society
nasty,adjective,feelings,0.530,feelings
necessarily,adverb,general,0.990,general
nigh,adverb,general,0.460,general
nondescript,adjective,general,0.310,general
north,noun,general,0.390,travel
nose,noun,body,0.550,body
oblique,adjective,general,0.450,general
occur,verb,general,0.980,general
originality,noun,arts,0.640,arts
other,determiner,general,0.910,general
overlay,verb,general,0.420,general
pack,noun,shopping,0.720,shopping
particularly,adverb,general,0.980,general
pastor,noun,arts,0.760,arts
patchily,adverb,general,0.350,science
pendulum,noun,general,0.350,general
persecution,noun,general,0.460,society
pertinent,adjective,general,0.540,general
pet,noun,general,0.480,general
pilot,noun,general,0.450,work
plum,noun,food,0.830,food
poise,verb,body,0.570,body
positive,adjective,feelings,0.700,feelings
pretend,verb,general,0.320,general
pretty,adjective,general,0.200,feelings
professional,noun,work,0.990,work
protect,verb,general,0.820,general
rash,adjective,general,0.330,feelings
rather,adverb,general,0.900,general
recycling,noun,nature,0.840,nature
refreshing,adjective,general,0.470,general
refurbishment,noun,general,0.220,health
relapse,noun,general,0.380,general
resistance,noun,general,0.330,society
resort,verb,general,0.390,general
rest,noun,general,0.310,health
reunion,noun,general,0.400,family
review,noun,general,0.250,entertainment
sanitation,noun,general,0.370,society
sarcastic,adjective,feelings,0.540,feelings
scenery,noun,nature,0.650,nature
scientist,noun,science,0.600,science
search,verb,general,0.680,general
shoot,verb,general,0.270,entertainment
shrink,noun,general,0.460,health
sign,noun,general,0.390,general
simplify,verb,general,0.800,general
snack,noun,general,0.220,entertainment
something,pronoun,general,0.760,general
species,noun,science,0.730,science
sportsmanship,noun,sports,0.840,sports
stamp,noun,general,0.260,shopping
stimuli,noun,science,0.950,science
strap,noun,shopping,0.520,shopping
strip,verb,general,0.390,general
student,noun,communication,0.570,communication
subsist,verb,general,0.540,general
sulphur,noun,general,0.390,science
supper,noun,food,0.740,food
surface,noun,nature,0.700,nature
tactfully,adverb,general,0.470,communication
tantalize/tantalise,verb,general,0.380,science
telephone,noun,general,0.540,general
tender,adjective,general,0.330,feelings
thereby,adverb,general,0.170,general
third,adjective,general,0.630,general
thirst,verb,general,0.450,body
three,number,general,0.450,general
topple,verb,general,0.480,society
transparent,adjective,general,0.730,general
truck,noun,general,0.570,general
trust,verb,general,0.510,general
turtle,noun,animals,0.890,animals
tycoon,noun,general,0.490,general
unequivocal,adjective,general,0.360,communication
ungodly,adjective,general,0.620,general
unnervingly,adverb,general,0.400,feelings
vegetarian,adjective,food,0.710,food
vigorously,adverb,general,0.840,general
visitor,noun,general,0.430,general
waiter,noun,general,0.570,general
which,determiner,general,0.390,general
